,Living room,Master room,Kitchen,Bathroom,Second room
Living room,0.0,0.9996008316008316,0.9994732012371275,0.9943008745209787,0.9996822104770188
Master room,0.9996008316008316,0.0,0.09462098042264959,0.62412599054405,0.4852628535469497
Kitchen,0.9994732012371275,0.09462098042264959,0.0,0.4061537938189921,0.4201455846840743
Bathroom,0.9943008745209787,0.62412599054405,0.4061537938189921,0.0,0.6603663028192593
Second room,0.9996822104770188,0.4852628535469497,0.4201455846840743,0.6603663028192593,0.0
